{"cameraMode":{"drawMode":0,"name":"Shaded","section":"Shading Mode"},"sceneLighting":true,"audioPlay":false,"sceneViewState":{"showFog":true,"showMaterialUpdate":true,"showSkybox":true,"showFlares":true,"showImageEffects":true,"showParticleSystems":true},"in2DMode":false,"pivot":{"x":7.667102813720703,"y":10.17956829071045,"z":3.2875614166259767},"rotation":{"x":-0.03913857415318489,"y":0.09040384739637375,"z":-0.0035537376534193756,"w":-0.9951360821723938},"size":17.304046630859376,"orthographic":false}